ID,Salary,Pr/St,Cntry,Ht,Wt,DftYr,DftRd,Ovrl,Hand,Position,Team,GP,G,A,PTS,+/-,PIM
1,1700000,,SWE,71,186,2010,2,51,R,C,NSH,81,15,16,31,-1,25
2,6000000,ON,CAN,73,200,2010,1,2,R,C/RW,DAL,82,26,46,72,-15,22
3,5500000,MN,USA,72,215,2010,2,37,R,D,CAR,75,17,20,37,-18,32
4,925000,ON,CAN,74,232,2014,1,10,L,LW,ANA,77,14,14,28,4,62
5,700000,,DEU,75,215,2006,4,111,R,D,ANA,32,2,5,7,0,23
6,575000,,CZE,75,210,,,,L,LW/C,DET,11,1,0,1,-1,2
7,2000000,UT,USA,73,201,2006,1,17,R,C/RW/LW,L.A,82,12,12,24,-6,30
8,680000,MN,USA,77,210,2011,4,101,L,C,VAN,13,0,0,0,-2,21
9,640000,ON,CAN,73,184,,,,R,RW,MIN,11,0,0,0,-1,0
10,667500,MA,USA,68,175,,,,L,LW,PIT,61,23,30,53,24,22
11,600000,QC,CAN,74,204,2010,3,89,L,C,VAN,68,4,5,9,-12,29
12,575000,ON,CAN,74,203,,,,L,D,VAN,1,0,0,0,-1,0
13,2750000,,SVK,70,185,2009,2,60,L,LW/C/RW,DET,82,25,21,46,-8,26
14,4500000,NY,USA,70,185,2009,1,26,R,RW/C/LW,N.J,80,26,27,53,2,46
15,2000000,AB,CAN,72,195,,,,L,C/LW,ANA,27,2,1,3,-3,20
16,600000,WA,USA,71,170,,,,R,C,CAR,67,11,18,29,-8,22
17,2600000,MA,USA,77,215,2010,1,24,L,C/RW,NYR,76,17,32,49,10,18
18,925000,QC,CAN,74,192,2012,1,23,L,D,FLA,81,7,10,17,-5,36
19,800000,,RUS,75,200,,,,L,C/RW,N.J,43,2,2,4,-14,15
20,3250000,NY,USA,67,178,1998,3,82,R,RW,BUF,82,15,20,35,-11,22
21,925000,ON,CAN,74,205,2013,1,29,L,C,DAL,10,2,0,2,-3,0
22,650000,SK,CAN,74,191,2014,4,101,R,D,WPG,10,0,0,0,-1,5
23,620000,MI,USA,71,192,2010,3,80,R,RW,PIT,57,15,13,28,4,8
24,6000000,WI,USA,71,190,2003,7,205,R,C/RW,S.J,81,29,39,68,11,34
25,800000,ON,CAN,71,185,2005,4,107,L,LW/C,OTT,82,9,14,23,9,16
26,575000,QC,CAN,70,195,2010,4,115,R,LW,MIN,87,14,15,29,-14,33
27,832500,,RUS,77,230,2013,1,16,L,D,COL,56,0,10,10,-20,73
28,4500000,,RUS,73,204,2009,1,14,L,D,BUF,47,2,3,5,-26,26
29,2250000,SK,CAN,73,203,2000,2,33,L,D,PHI,28,0,4,4,1,10
30,742500,NY,USA,75,219,2012,2,59,L,C/LW,NYR,1,0,0,0,-1,0
31,6750000,ON,CAN,72,198,,,,L,D,CGY,81,12,27,39,22,59
32,10000000,,CZE,74,214,2007,1,7,L,RW,PHI,82,20,41,61,-24,56
33,5000000,MN,USA,73,200,2000,2,62,L,D,S.J,81,4,22,26,10,20
34,5000000,IN,USA,73,226,2005,1,3,L,D,CBJ,82,5,18,23,23,32
35,575000,ON,CAN,73,210,2008,2,50,L,D,PIT,12,1,3,4,1,13
36,925000,FL,USA,78,225,2012,7,210,L,D,ANA,1,0,0,0,1,0
37,625000,ON,CAN,69,191,2012,5,131,R,C/RW,FLA/TOR,24,0,5,5,6,8
38,775000,ON,CAN,72,191,2005,2,36,L,D,WSH,18,1,4,5,8,11
39,632500,NY,USA,74,205,,,,L,LW/C,VAN,1,0,0,0,-1,0
40,3000000,ON,CAN,73,205,2006,2,36,L,LW/RW,ARI,72,9,8,17,-23,23
41,575000,ON,CAN,70,203,,,,L,LW,NSH,1,0,0,0,-1,0
42,9000000,WI,USA,72,202,2006,1,5,R,RW/C,PIT,82,23,47,70,3,20
43,925000,,SWE,76,191,2015,1,29,L,D,CBJ,2,0,1,1,-2,0
44,2750000,ON,CAN,73,206,2003,2,37,R,D,NYR,60,3,11,14,5,31
45,2350000,SK,CAN,72,183,2012,1,7,R,D,MIN,76,11,23,34,15,59
46,900000,,SWE,75,215,2010,2,41,L,D,DAL,40,0,3,3,-4,14
47,575000,,SWE,75,205,,,,L,C,CHI,68,4,4,8,-4,12
48,925000,,DNK,72,172,2014,1,9,L,LW,WPG,82,25,39,64,1,38
49,925000,,RUS,75,215,2016,1,9,L,D,MTL,4,0,0,0,1,0
50,3000000,,SWE,75,215,2011,1,4,R,D,EDM,79,4,15,19,21,55
51,925000,,AUT,71,212,2013,1,27,L,C/LW/RW,WPG,38,4,7,11,0,10
52,3400000,,RUS,74,192,2010,1,26,L,C/LW,WSH,82,19,40,59,18,46
53,1050000,ON,CAN,76,221,2007,3,78,R,D,STL,38,1,3,4,11,15
54,1200000,MI,USA,71,200,2004,7,224,L,D,TOR,72,1,18,19,8,18
55,1000000,,RUS,74,196,2011,2,41,L,RW/LW,STL,51,1,10,11,5,18
56,1200000,,SVK,76,210,2010,2,46,L,D,TOR,25,1,6,7,3,16
57,2075000,ON,CAN,75,226,2010,1,21,L,C,DET,80,2,11,13,-29,14
58,700000,,SWE,75,203,2009,1,10,L,LW,STL,32,8,5,13,9,6
59,600000,ON,CAN,74,199,2008,2,45,R,C,MIN,9,1,2,3,0,9
60,600000,NH,USA,74,219,,,,L,C,BOS,59,7,7,14,-6,23
61,650000,AB,CAN,74,217,,,,L,RW/LW,COL,65,12,6,18,-19,56
62,7000000,,SWE,73,190,1999,1,2,L,LW,VAN,82,15,29,44,-16,32
63,4500000,MN,USA,72,199,2009,1,16,L,D,NYI,81,11,35,46,-3,12
64,2000000,MA,USA,78,244,2003,1,26,L,C/LW,T.B/TOR,75,13,12,25,3,66
65,900000,,SWE,73,184,2015,2,45,R,C,BOS,1,0,0,0,0,0
66,667500,MI,USA,76,212,2010,5,148,L,D,L.A,49,1,6,7,3,6
67,4500000,AB,CAN,69,182,2010,5,147,R,RW,MTL,64,10,19,29,7,39
68,7450000,ON,CAN,73,195,2008,1,2,R,D,L.A,82,12,32,44,8,46
69,3000000,ON,CAN,73,195,2002,2,57,L,C,CGY,81,6,17,23,3,40
70,1100000,ON,CAN,70,180,2011,4,96,R,C,OTT,82,12,21,33,13,24
71,925000,MN,USA,73,191,2015,1,23,R,RW,VAN,9,4,1,5,0,0
72,4250000,,RUS,73,225,2006,2,44,L,LW/RW,NYI,72,12,11,23,3,18
73,925000,AB,CAN,72,190,2014,1,8,R,C/RW,TOR,81,22,39,61,-3,32
74,650000,MN,USA,74,201,,,,R,D,MIN,39,2,5,7,0,12
75,600000,SK,CAN,75,220,2004,9,279,R,RW/C,DAL,69,10,6,16,9,12
76,625000,BC,CAN,74,207,2011,2,57,L,D,CGY,4,0,0,0,-2,0
77,660000,MB,CAN,76,213,2014,3,73,R,D,MTL,2,0,0,0,-1,0
78,3575000,,SWE,73,199,2007,1,24,L,C,CGY,81,22,31,53,9,36
79,600000,ON,CAN,72,186,,,,L,C,ANA/FLA,38,2,7,9,-5,9
80,925000,ON,CAN,70,175,2015,1,24,R,C/LW,PHI,70,11,17,28,-2,49
81,9000000,WI,USA,74,206,2003,1,7,L,D,MIN,82,9,31,40,34,36
82,3500000,ON,CAN,75,220,2008,5,148,L,LW/RW,TOR,82,5,4,9,0,123
83,792500,,DEU,69,180,2012,5,138,R,C/LW,S.J,3,1,0,1,-2,0
84,925000,MI,USA,73,206,2013,4,104,L,C,WPG,64,9,8,17,8,18
85,5000000,ON,CAN,75,207,2011,1,7,R,C,WPG,79,32,50,82,18,38
86,667500,,CZE,71,176,2015,5,137,L,C,PIT,2,0,1,1,-1,0
87,8000000,MN,USA,72,218,2006,1,7,R,RW,BUF,65,19,26,45,-7,24
88,792500,NY,USA,75,200,2013,3,66,R,D,CAR,82,2,18,20,23,20
89,925000,ON,CAN,76,220,2015,1,11,L,LW,ARI,72,5,7,12,-20,48
90,4500000,ON,CAN,72,195,2008,3,82,L,C,N.J,82,20,20,40,-20,38
91,600000,IL,USA,68,165,2011,3,66,R,C/RW,CBJ,3,0,0,0,-1,0
92,650000,AB,CAN,72,195,2011,2,32,R,RW,CAR/STL,9,0,2,2,-2,0
93,9000000,MN,USA,71,196,2003,1,17,L,LW,MIN,69,19,23,42,-3,30
94,4750000,,SWE,71,189,2005,7,230,R,RW,PIT,70,21,23,44,16,28
95,1100000,ON,CAN,73,216,2008,5,139,L,D,OTT,70,1,2,3,-3,154
96,832500,AB,CAN,70,181,2013,1,24,L,C/LW,CGY,7,0,1,1,-3,2
97,725000,QC,CAN,75,204,2015,2,39,L,LW,COL,5,0,1,1,-2,4
98,7000000,,CZE,71,196,2001,3,71,L,C,MTL,78,10,18,28,10,24
99,575000,MI,USA,74,208,2008,7,184,R,D,MTL,16,0,5,5,6,2
100,675000,MN,USA,74,205,,,,R,D,CAR,45,0,6,6,-13,6
101,727500,,RUS,73,224,2013,2,37,R,LW,CAR,2,1,0,1,1,0
102,874125,AB,CAN,75,210,2011,1,11,L,D,COL,3,0,0,0,-2,2
103,8000000,ON,CAN,76,212,2002,1,1,L,RW/LW,NYR,67,23,15,38,9,26
104,1600000,NL,CAN,74,195,,,,R,LW/RW,L.A,12,0,2,2,0,0
105,900000,MO,USA,70,168,2016,1,7,L,C/LW,ARI,3,0,2,2,-3,0
106,1900000,,RUS,71,180,2011,1,27,L,C/LW,T.B,74,10,18,28,-4,31
107,5000000,MA,USA,75,228,2009,1,19,L,LW/C,NYR,75,28,25,53,6,58
108,5500000,CA,USA,75,219,2000,1,18,L,D,WSH,79,0,14,14,32,48
109,925000,IL,USA,72,193,2013,2,35,R,LW/C,COL,21,3,2,5,0,4
110,900000,ON,CAN,73,196,2012,5,151,R,D,BOS,61,6,7,13,0,55
111,925000,,DNK,73,182,2013,2,45,R,RW,ANA,5,0,1,1,-1,2
112,900000,ON,CAN,72,192,2000,3,95,L,C/LW,BOS,82,11,14,25,2,44
113,5600000,AB,CAN,76,221,2002,1,3,L,D,STL,81,1,14,15,6,28
114,750000,BC,CAN,69,179,2013,2,43,L,LW/C,WPG,54,1,12,13,-13,12
115,575000,MN,USA,70,184,2008,2,40,L,D,WSH,2,0,0,0,-1,0
116,600000,MN,USA,72,196,2009,5,150,R,D,DET,49,4,9,13,-7,12
117,925000,CT,USA,73,214,2013,2,33,L,LW,T.B,26,3,0,3,-9,11
118,4000000,,CZE,72,204,2010,3,66,R,D,PHI,67,6,17,23,8,93
119,715000,MI,USA,70,195,2011,4,99,L,C/LW,N.J/NSH/VAN,39,6,4,10,-6,8
120,600000,BC,CAN,71,199,,,,L,C,DET,6,0,1,1,1,0
121,875000,MA,USA,76,203,2013,2,61,L,LW,STL/WSH,39,4,4,8,2,10
122,575000,MI,USA,72,190,,,,R,D,PIT,11,0,1,1,2,24
123,8000000,BC,CAN,75,236,2006,2,50,L,LW,EDM,82,23,27,50,-3,50
124,3750000,MB,CAN,75,206,2010,6,178,R,RW,OTT,71,22,32,54,12,25
125,842500,MI,USA,69,160,,,,R,C,BOS,49,5,8,13,-10,12
126,950000,,CZE,75,200,2009,3,75,L,C/RW/LW,CAR,19,1,4,5,-3,2
127,4000000,,CZE,75,230,1990,1,5,L,RW,FLA,82,16,30,46,2,56
128,5000000,QC,CAN,73,204,2006,1,6,L,C,OTT,81,14,25,39,12,24
129,925000,MN,USA,75,211,2012,1,28,L,D,NYR,80,5,34,39,11,42
130,4250000,,RUS,71,178,2011,2,58,L,RW,T.B,74,40,45,85,13,38
131,800000,PE,CAN,72,193,2000,1,25,L,C/LW,DET/MTL,53,3,4,7,-8,80
132,575000,QC,CAN,71,198,2010,3,71,L,LW,T.B,19,2,1,3,-3,2
133,575000,ON,CAN,74,205,2011,3,86,R,LW,TOR,13,2,8,10,2,4
134,5800000,MN,USA,77,225,2004,1,5,R,RW,WPG,82,26,48,74,6,47
135,800000,MB,CAN,77,236,2010,1,10,R,D,FLA/NYR,6,1,0,1,-2,14
136,2500000,NH,USA,73,206,,,,R,D,N.J,82,1,6,7,-7,39
137,792500,,SWE,75,209,2012,3,81,R,C,PIT,10,0,0,0,-4,2
138,600000,ON,CAN,72,205,2011,5,150,R,D,PIT/TOR,4,0,0,0,-1,8
139,692500,,SVK,74,202,2013,3,90,L,LW/RW,BOS,11,0,2,2,0,0
140,925000,IL,USA,74,193,2011,4,98,L,D,MIN,17,1,0,1,1,2
141,575000,NY,USA,73,210,2010,6,168,L,D,NSH,29,0,7,7,-1,25
142,4000000,ON,CAN,75,216,2007,5,141,L,D,L.A,82,9,19,28,-21,46
143,590000,ON,CAN,71,183,2011,7,209,L,LW/C,PIT,78,8,18,26,0,32
144,925000,TX,USA,74,191,2012,2,36,L,LW,ANA,1,0,0,0,1,0
145,2570000,,RUS,71,212,2009,2,55,L,D,WSH,82,6,27,33,30,51
146,1750000,ON,CAN,76,217,2012,1,16,R,RW,WSH,82,7,12,19,9,133
147,1750000,QC,CAN,73,198,2000,2,55,L,C/LW,ANA,72,9,19,28,-7,42
148,5400000,TX,USA,76,220,2013,1,4,R,D,CBJ,75,12,30,42,6,24
149,50,MN,USA,67,180,2012,3,88,L,D,TOR,50,32,25,57,33,80
150,10900000,NS,CAN,71,200,2005,1,1,L,C,PIT,75,44,45,89,17,24
151,650000,ON,CAN,74,203,2009,3,70,R,LW,EDM/NYR,5,0,0,0,-3,4
152,575000,ON,CAN,71,174,2007,6,164,R,C/RW,OTT,3,0,0,0,0,6
153,925000,,FIN,71,195,2014,1,14,R,D,DAL,16,1,4,5,-4,4
154,1500000,ON,CAN,70,192,1997,6,156,L,D,CHI,80,5,12,17,12,24
155,740000,ON,CAN,73,206,2013,3,69,R,RW,BUF,14,3,1,4,1,6
156,3750000,AZ,USA,75,211,2011,1,8,L,C,PHI,66,14,20,34,12,33
157,6000000,BC,CAN,75,218,2010,1,4,R,C/RW,NSH,82,14,47,61,1,60
158,800000,BC,CAN,72,200,,,,L,C,NYI,2,0,0,0,-1,2
159,724500,ON,CAN,72,192,2011,3,65,L,C/LW,ANA/VAN,59,4,6,10,0,60
160,2500000,,SWE,73,192,2013,1,5,R,C/RW,CAR,72,11,34,45,-2,16
161,1000000,,SWE,72,190,2010,6,157,R,RW/LW,NYR,68,6,15,21,6,16
162,3500000,ON,CAN,72,185,2009,3,69,L,RW/C/LW,FLA,80,15,22,37,-13,17
163,925000,WI,USA,74,209,2013,4,118,R,RW,BUF,10,0,1,1,-1,2
164,675000,MI,USA,71,200,2011,5,129,L,LW/C,N.J,10,0,1,1,-5,4
165,600000,CO,USA,73,201,2011,3,82,R,C,L.A,70,6,11,17,-2,20
166,625000,MA,USA,74,190,,,,L,C,N.J,4,0,0,0,-3,4
167,950000,MA,USA,73,183,,,,R,C/RW,MTL,51,6,4,10,2,4
168,925000,ON,CAN,70,185,,,,L,LW/C,EDM,60,7,11,18,3,16
169,2600000,IL,USA,72,200,2008,6,177,R,C/RW/LW,OTT/S.J,73,7,5,12,-11,27
170,925000,ND,USA,74,201,2012,6,181,R,D,L.A,22,0,8,8,-5,4
171,925000,,FIN,71,172,2015,2,35,L,RW/LW,CAR,82,24,25,49,-1,26
172,1300000,,RUS,75,209,2012,1,12,L,C,COL,75,10,13,23,-14,18
173,2500000,MI,USA,75,236,2002,2,44,R,D,L.A,26,1,1,2,3,19
174,4300000,ON,CAN,74,185,2007,2,61,R,RW/LW,PHI,82,31,23,54,-18,122
175,575000,PA,USA,73,196,2008,7,190,L,D,CGY,24,1,1,2,-4,26
176,1200000,ON,CAN,75,235,2001,2,50,R,RW/LW,WPG,64,3,1,4,-7,95
177,800000,NY,USA,71,185,2011,2,61,L,LW/C,NYI,50,5,13,18,-9,18
178,4000000,,SWE,74,200,2011,2,42,L,C,CAR,82,16,29,45,-10,16
179,1250000,MB,CAN,74,210,,,,L,LW/RW,COL/NSH,59,5,1,6,-3,145
180,2300000,MI,USA,73,219,2007,1,18,L,D,PIT,81,5,21,26,26,72
181,575000,,CHE,71,192,2013,7,186,L,RW,T.B,18,0,3,3,2,4
182,925000,,RUS,79,265,2014,3,66,L,D,VAN,66,2,7,9,-7,64
183,2750000,MB,CAN,74,206,2008,4,111,R,RW,PHI,64,8,7,15,1,39
184,6075000,,SVK,73,205,2000,1,3,L,RW,L.A,56,10,11,21,-4,18
185,700000,ON,CAN,72,193,2005,5,150,L,C,BUF,11,0,1,1,-6,0
186,900000,MB,CAN,76,220,2011,2,46,L,D,STL,69,3,12,15,11,60
187,767500,ON,CAN,73,210,2013,2,40,L,LW,DAL,18,1,6,7,5,8
188,1650000,AB,CAN,76,214,,,,L,D,NYR,80,11,23,34,13,35
189,5750000,BC,CAN,74,210,2007,5,129,L,LW,DAL,77,26,43,69,-9,66
190,2400000,OH,USA,76,212,2011,1,20,R,D,ARI,77,2,15,17,-13,45
191,5000000,BC,CAN,73,215,2012,1,5,L,D,TOR,76,6,21,27,-20,21
192,667500,ON,CAN,71,185,2015,3,67,R,C,N.J,3,0,0,0,0,0
193,925000,AB,CAN,73,195,2012,6,175,R,D,EDM,62,3,12,15,8,29
194,6500000,NY,USA,70,187,2004,4,127,R,RW,T.B,18,2,2,4,-4,23
195,2500000,AB,CAN,72,190,,,,L,D,S.J,62,2,16,18,4,14
196,625000,CT,USA,74,219,2003,2,51,R,RW/C,PHI,3,1,0,1,1,0
197,1250000,ON,CAN,72,214,2010,2,42,R,RW/C/LW,N.J,53,4,5,9,-19,12
198,4100000,,SWE,75,197,2005,4,108,L,D,CHI,73,5,13,18,12,20
199,832500,BC,CAN,72,209,2013,1,17,R,C/RW,CGY/OTT,37,1,3,4,-8,4
200,715000,ON,CAN,72,200,2012,6,162,L,LW/C,N.J,27,3,6,9,-10,26
201,2500000,NY,USA,71,195,2003,5,148,R,RW,CAR,82,16,24,40,2,32
202,5500000,MI,USA,74,218,2005,2,42,L,LW/RW,DET,64,7,14,21,-20,50
203,680000,AB,CAN,74,187,2012,4,105,L,D,CGY,21,0,3,3,-3,12
204,8000000,MN,USA,75,221,2003,2,62,R,RW/C,BOS,74,17,21,38,2,69
205,6000000,ON,CAN,73,200,2007,1,9,L,C/LW,S.J,73,25,27,52,11,12
206,8000000,BC,CAN,75,200,2004,1,4,L,LW,NYI,78,23,8,31,-14,45
207,4050000,MN,USA,74,200,2008,1,17,L,D,TOR,82,9,34,43,24,34
208,575000,,FIN,71,203,2011,2,52,L,RW,NSH,5,0,0,0,-1,2
209,600000,BC,CAN,74,214,2011,1,18,R,C/RW,DAL,1,0,0,0,-1,0
210,775000,QC,CAN,73,216,2009,3,84,L,LW,BUF,42,0,2,2,-6,38
211,692500,ON,CAN,74,205,,,,L,D,DET,1,0,0,0,0,0
212,4000000,,CZE,72,185,2001,1,13,R,RW,DAL,15,4,3,7,-1,0
213,3100000,WI,USA,73,210,2012,1,3,L,C/LW,MTL,61,17,27,44,-5,24
214,600000,NY,USA,71,197,,,,R,C,MIN,3,0,0,0,0,0
215,925000,,FIN,77,206,2016,1,2,R,RW,WPG,73,36,28,64,7,26
216,4000000,,FIN,71,198,2001,6,192,L,LW/RW/C,FLA,69,11,17,28,-15,39
217,725000,,FRA,72,198,,,,L,LW/C,PHI,82,4,4,8,-1,20
218,925000,WI,USA,72,177,2014,1,20,R,C/LW,CHI,61,6,22,28,10,6
219,767500,BC,CAN,73,185,2014,4,116,L,C,BOS,8,0,0,0,-3,2
220,575000,MA,USA,73,200,,,,R,RW,FLA,21,0,3,3,-4,22
221,4000000,,SVK,73,207,1997,1,12,L,RW,CHI,73,26,19,45,7,8
222,600000,MA,USA,73,206,2006,3,65,L,D,WPG,5,0,2,2,-1,0
223,800000,AB,CAN,84,165,2012,2,40,R,RW,MTL,75,13,11,24,20,22
224,874125,ON,CAN,72,180,,,,L,LW/C/RW,WPG,51,2,2,4,-6,26
225,7000000,ON,CAN,75,217,2003,1,11,R,C/RW,L.A,82,32,34,66,2,41
226,750000,IL,USA,72,187,2011,7,204,L,LW/RW/C,OTT,81,14,18,32,7,30
227,3250000,ON,CAN,73,188,2000,1,28,R,RW,WSH,80,24,24,48,14,50
228,5400000,,FIN,76,203,2013,1,8,R,D,BUF,79,6,39,45,-9,58
229,705000,ON,CAN,72,212,2013,7,206,R,D,FLA,3,0,0,0,0,4
230,5000000,NS,CAN,69,181,2006,3,71,L,LW/C,BOS,80,39,46,85,18,81
231,925000,,RUS,73,201,2015,1,7,L,D,PHI,82,6,24,30,-7,34
232,925000,FL,USA,75,200,2016,1,16,L,D,ARI,68,7,13,20,-14,47
233,8000000,,RUS,72,219,2010,1,16,L,RW,STL,82,39,36,75,-1,12
234,575000,ON,CAN,68,180,,,,L,C/LW,T.B,11,1,3,4,0,4
235,6000000,ON,CAN,76,220,2006,1,2,L,C/LW,CAR,75,16,29,45,-1,38
236,9500000,,RUS,75,195,2004,1,2,L,C/RW,PIT,62,33,39,72,18,77
237,892500,RI,USA,70,208,,,,R,C,BOS,29,2,3,5,3,16
238,875000,ON,CAN,75,215,2011,2,44,R,RW,DAL,78,16,8,24,11,38
239,1200000,WI,USA,73,205,2011,5,177,L,D,BUF,71,-1,0,15,25,70
240,4000000,MB,CAN,75,210,2008,3,69,R,D,ARI/CGY,64,3,12,15,0,32
241,667500,ON,CAN,72,198,2013,2,58,L,LW,DET,7,0,0,0,-1,0
242,5200000,,DNK,72,210,2008,1,8,L,LW/RW,S.J,81,10,16,26,0,10
243,2725000,,CZE,70,197,2005,4,106,L,LW/C,STL,1,1,0,1,0,0
244,575000,MA,USA,69,170,2008,4,95,L,D,PIT,7,0,1,1,-3,6
245,5000000,MI,USA,71,190,,,,L,D,N.J,66,4,9,13,-16,8
246,925000,ON,CAN,68,178,2011,7,201,L,C,T.B,10,1,1,2,-3,2
247,875000,QC,CAN,73,193,2011,1,26,L,LW/C,MTL,82,13,27,40,5,35
248,7000000,MI,USA,75,204,2006,2,45,R,D,MTL,80,8,20,28,3,22
249,1250000,QC,CAN,72,200,2001,9,264,R,RW,N.J/NSH,67,13,15,28,-18,35
250,925000,ON,CAN,72,173,2014,1,28,R,RW/C,NYI,21,4,6,10,1,12
251,2600000,QC,CAN,76,218,2009,1,30,L,D,ANA,1,0,0,0,0,0
252,600000,BC,CAN,69,187,,,,L,D,NSH/STL,12,1,5,6,-1,2
253,5000000,MB,CAN,72,196,2005,5,132,L,C,DET,50,8,9,17,-6,20
254,792500,,FRA,71,191,,,,L,D/LW,N.J,25,2,2,4,1,2
255,700000,WI,USA,73,216,2005,1,7,R,RW,VAN,55,5,4,9,0,12
256,7500000,AB,CAN,75,219,2003,1,9,L,D,OTT,81,9,21,30,-6,100
257,2500000,,RUS,71,195,2012,1,1,L,RW/LW,STL,40,3,6,9,-3,14
258,7000000,,SWE,73,213,2006,1,4,L,C,WSH,82,23,63,86,17,38
259,1250000,ON,CAN,74,216,2003,4,132,L,D,CBJ/N.J,73,6,9,15,4,51
260,4250000,,SWE,71,184,2008,4,121,L,RW/C/LW,DET,76,12,36,48,0,18
261,600000,ON,CAN,73,197,,,,R,RW/C,ARI/NYR,54,4,8,12,-2,16
262,1000000,,CZE,73,194,1999,7,212,R,RW,ARI,81,20,35,55,-18,16
263,667500,NE,USA,71,180,2013,3,77,L,C/LW,PIT,40,16,17,33,7,10
264,3650000,AB,CAN,69,175,2008,1,26,L,LW/C/RW,BUF,51,5,8,13,-10,12
265,1150000,,LVA,74,200,2012,1,14,L,C/LW,BUF,75,7,9,16,-7,18
266,625000,ON,CAN,71,205,,,,L,C,S.J,58,2,10,12,6,128
267,925000,,SWE,74,202,2014,1,29,L,LW/C,L.A,25,2,4,6,-3,6
268,575000,AB,CAN,74,200,,,,R,RW/C,PIT,27,3,4,7,2,4
269,925000,NJ,USA,71,183,2014,1,19,R,D,ARI,39,5,9,14,-13,37
270,2350000,,AUT,72,200,,,,L,LW/C,PHI,52,8,3,11,-7,20
271,3700000,ON,CAN,73,210,2008,1,9,L,RW/LW/C,NYI,82,13,43,56,5,12
272,5000000,MN,USA,73,216,2007,1,12,L,D,NYR,77,6,36,42,20,37
273,3850000,MB,CAN,72,190,2009,3,85,L,C,DAL,60,3,9,12,-7,49
274,575000,MI,USA,76,204,2010,1,18,R,LW,NSH,77,5,12,17,14,99
275,3250000,BC,CAN,76,216,2004,3,79,L,D,ANA,14,1,2,3,0,28
276,925000,MI,USA,73,190,2014,1,15,L,C/LW,DET,80,17,15,32,-28,37
277,750000,MB,CAN,69,195,2001,4,98,R,RW,CHI,50,2,1,3,-6,28
278,3100000,ON,CAN,70,184,2005,1,25,L,LW/C/RW,ANA,82,16,19,35,11,26
279,3500000,QC,CAN,67,176,,,,L,C,EDM/MTL,49,6,8,14,4,12
280,725000,AB,CAN,72,188,,,,L,LW,MTL,33,2,7,9,4,6
281,900000,AB,CAN,73,200,2007,1,21,R,C/RW,BOS,81,7,10,17,-1,14
282,2700000,MN,USA,74,215,2003,1,21,L,D,WPG,42,2,2,4,4,27
283,5250000,SK,CAN,70,188,2010,1,14,L,LW/C,STL,78,19,36,55,14,18
284,1050000,,FIN,72,193,2009,7,182,L,C/LW,MIN,72,15,11,26,5,28
285,800000,BC,CAN,77,202,2008,2,42,L,D,COL,57,4,8,12,-18,23
286,600000,FL,USA,73,195,,,,R,C,VAN,58,4,4,8,-4,6
287,3000000,,SWE,75,220,2011,1,19,L,D,EDM,82,12,26,38,7,6
288,650000,CA,USA,71,193,,,,R,RW,FLA,14,2,1,3,-1,18
289,792500,MA,USA,69,201,,,,L,C/LW,BOS,44,10,8,18,-3,14
290,1200000,ON,CAN,74,239,2006,1,18,R,RW/LW,MIN,79,13,8,21,3,94
291,1025000,,DNK,73,185,2008,5,149,R,D,VAN,26,1,5,6,-8,4
292,8750000,QC,CAN,73,195,2003,2,45,R,C,BOS,79,21,32,53,12,24
293,3500000,,CZE,78,226,2005,1,17,L,C,ARI/MIN,71,20,19,39,-17,53
294,3100000,AB,CAN,70,170,2005,3,67,L,D,EDM,68,1,12,13,5,23
295,950000,AB,CAN,72,195,2007,4,112,R,C/RW,FLA,80,9,15,24,-16,25
296,13800000,NY,USA,71,177,2007,1,1,L,RW/C,CHI,82,34,55,89,11,32
297,4250000,QC,CAN,73,205,2005,2,35,L,D,S.J,75,6,22,28,4,35
298,3500000,QC,CAN,74,227,2009,4,94,R,D,CBJ,74,6,17,23,33,44
299,2900000,ON,CAN,73,197,2009,1,12,L,D,NYI,82,5,20,25,15,36
300,4000000,ON,CAN,72,203,2006,4,112,L,LW,BOS,49,3,5,8,-10,47
301,1000000,SK,CAN,74,229,2008,1,5,R,D,ARI,78,1,7,8,-9,85
302,1250000,MN,USA,70,169,,,,R,RW,T.B,64,3,3,6,-7,73
303,832500,ON,CAN,74,217,2012,1,26,L,C/LW,VAN,57,0,5,5,-2,33
304,925000,AB,CAN,74,194,2011,4,92,L,D,EDM,3,0,0,0,0,2
305,5000000,ON,CAN,74,221,2005,2,33,L,RW/LW,NSH,70,23,18,41,-10,35
306,575000,,CHE,71,200,2007,3,73,R,D,NSH,73,1,7,8,1,25
307,900000,MB,CAN,74,208,2010,5,133,L,LW/RW,CGY,76,15,10,25,-1,50
308,742500,,RUS,72,180,2014,2,33,L,C,STL,30,5,7,12,5,2
309,1500000,ON,CAN,75,207,2009,1,13,R,RW,EDM,79,7,17,24,4,101
310,722500,ME,USA,74,208,,,,R,RW,CGY,26,1,4,5,0,44
311,2500000,CT,USA,75,210,2000,1,13,L,D,CAR/PIT,72,4,13,17,-8,21
312,1750000,IL,USA,75,210,2009,1,21,L,D,N.J,63,12,10,22,-7,39
313,925000,WI,USA,72,200,,,,L,D,N.J,5,0,0,0,-1,0
314,800000,QC,CAN,73,207,2008,6,152,L,D,COL/MTL,60,2,11,13,-5,14
315,700000,SK,CAN,72,189,2009,4,96,R,RW/C,CGY,4,0,0,0,-2,0
316,575000,,HRV,74,200,,,,R,RW/C,VAN,1,0,0,0,0,0
317,1000000,MB,CAN,72,200,2006,3,66,R,C,ARI/MIN,65,9,7,16,-16,84
318,6000000,ON,CAN,71,200,2010,1,7,L,LW/C/RW,CAR,79,37,26,63,-3,28
319,667500,AB,CAN,70,166,2014,3,79,R,C,T.B,68,18,22,40,4,14
320,2000000,,CZE,70,190,2002,2,58,L,RW/LW,DAL,32,3,8,11,-3,4
321,875000,MN,USA,73,194,,,,L,D,WSH,60,3,14,17,22,16
322,667500,NY,USA,71,185,2014,6,171,R,RW,S.J,55,8,12,20,9,22
323,925000,BC,CAN,72,182,2015,1,16,R,C,NYI,2,0,0,0,-2,6
324,640000,QC,CAN,71,174,2015,4,115,R,D,NSH,2,0,0,0,1,0
325,832500,ON,CAN,74,193,2012,1,10,L,D,T.B,29,0,4,4,-4,8
326,6500000,MB,CAN,72,211,2002,1,24,L,LW/C,STL,76,16,35,51,-2,53
327,925000,QC,CAN,71,170,2015,1,28,L,C/LW,NYI,66,9,15,24,1,10
328,832500,QC,CAN,78,202,2013,1,11,L,D,PHI,1,0,0,0,0,0
329,925000,MI,USA,71,171,,,,L,C,VAN,5,0,0,0,-2,0
330,1100000,ON,CAN,73,205,2001,2,57,L,C,CAR,65,5,3,8,-8,18
331,3200000,,FIN,70,184,2010,1,9,L,C,MIN,81,26,43,69,23,12
332,700000,,SWE,73,202,2010,2,57,L,C,NYR,65,8,12,20,2,32
333,1250000,AB,CAN,73,200,2010,1,23,R,D,FLA,82,4,13,17,0,10
334,7000000,QC,CAN,72,202,2005,2,44,L,C,STL,66,18,22,40,4,36
335,4500000,QC,CAN,73,208,1998,3,75,L,D,COL,81,5,13,18,-14,32
336,832500,ON,CAN,76,220,2013,1,7,L,D,EDM,44,5,6,11,0,33
337,3000000,,SWE,74,196,2009,2,39,R,RW/LW,ANA,79,23,26,49,10,20
338,850000,,FIN,72,183,2011,2,45,L,C,VAN,69,19,13,32,-19,14
339,13800000,MB,CAN,74,201,2006,1,3,L,C,CHI,72,21,37,58,7,35
340,925000,MA,USA,75,207,2012,3,66,L,LW,NYR,80,16,11,27,-13,26
341,925000,,RUS,74,195,,,,R,D,TOR,82,4,32,36,-22,38
342,675000,MI,USA,71,199,,,,R,C/RW/LW,DET,74,3,11,14,-10,26
343,650000,ON,CAN,72,185,2012,6,156,R,RW,TOR,82,20,16,36,3,10
344,650000,NY,USA,75,221,,,,L,D,DET,5,0,0,0,-3,0
345,950000,AB,CAN,74,205,2009,3,83,L,D,ARI,24,0,1,1,-1,24
346,3667000,,SWE,71,186,2007,6,168,L,LW,PIT,61,6,16,22,10,16
347,925000,ON,CAN,74,207,2012,5,147,L,D,VAN,71,5,14,19,-22,31
348,925000,CA,USA,75,217,2013,2,31,L,D,FLA,3,0,1,1,0,0
349,925000,,RUS,74,190,2014,1,26,L,RW,MTL,3,1,0,1,1,0
350,1300000,ON,CAN,74,200,2009,1,15,L,C,ARI/TOR,48,5,7,12,-16,22
351,575000,MA,USA,73,198,2007,5,135,L,C,WSH,6,0,0,0,-2,0
352,925000,ON,CAN,70,195,2014,1,21,L,C/LW,STL,51,11,18,29,-16,27
353,5500000,,SWE,72,194,2000,1,29,L,D,DET,57,2,11,13,-7,32
354,600000,ON,CAN,72,193,,,,L,D,MTL,7,0,0,0,-3,4
355,925000,MI,USA,69,188,2013,4,121,L,LW/C,CHI,33,4,3,7,2,14
356,1100000,ON,CAN,70,184,2010,2,45,L,C/LW,BOS,78,12,28,39,-8,14
357,832500,QC,CAN,77,235,2013,1,21,L,C,TOR,21,2,1,3,2,23
358,635000,ON,CAN,74,215,,,,L,RW/C,S.J,3,0,1,1,0,0
359,5750000,PA,USA,73,206,2011,2,43,L,LW/RW,CBJ,82,24,29,53,23,8
360,842500,ON,CAN,70,183,,,,R,LW/C,BUF,30,4,2,6,-7,4
361,1300000,ON,CAN,69,160,2007,6,179,L,LW/C/RW,MTL,81,22,21,43,21,29
362,3275000,ON,CAN,73,225,,,,R,RW/C,S.J,78,10,19,29,-2,30
363,6000000,MN,USA,76,225,2006,1,1,R,D,COL,46,2,15,17,-6,9
364,725000,MN,USA,74,190,2005,4,97,L,C/LW,PHI,81,6,9,15,-5,16
365,4000000,BC,CAN,73,190,2007,1,3,R,C,OTT,78,27,28,55,-3,47
366,575000,QC,CAN,70,190,2009,5,139,R,C,T.B,39,2,2,4,1,29
367,925000,ON,CAN,73,186,2014,1,4,L,C,CGY,81,13,13,26,-16,75
368,575000,MO,USA,76,224,2011,2,34,R,D,NYI,25,2,7,9,-1,35
369,925000,,DEU,73,216,2014,1,3,L,C,EDM,82,29,48,77,7,20
370,1000000,ON,CAN,74,205,2011,1,17,L,D,MTL,74,4,24,28,8,44
371,832500,,CZE,75,210,2012,1,13,L,C,DAL,80,12,21,33,-6,67
372,925000,,CZE,75,210,2015,1,6,L,C,N.J,70,8,16,24,-17,19
373,3800000,ON,CAN,72,180,2009,5,130,L,LW/C,OTT,74,26,35,61,17,51
374,832500,ON,CAN,72,223,2013,1,9,L,C,VAN,81,20,32,52,-7,27
375,595000,QC,CAN,72,179,,,,R,C,NSH,9,0,1,1,1,0
376,575000,MI,USA,71,191,2004,4,119,L,C,PIT,2,0,0,0,-1,0
377,575000,AB,CAN,72,205,2005,1,8,R,RW,L.A,45,4,8,12,-5,14
378,742500,,FIN,74,195,,,,L,LW,CBJ,10,1,1,2,0,6
379,600000,FL,USA,72,195,,,,R,C,S.J,11,2,2,4,5,4
380,900000,AB,CAN,71,191,2016,1,10,L,C/LW/RW,COL,6,1,0,1,-5,0
381,4838000,ON,CAN,73,182,2008,4,114,L,D,CGY,82,6,30,36,-16,24
382,2500000,SK,CAN,72,192,2006,7,189,R,RW,VAN,14,1,3,4,-6,33
383,2250000,AB,CAN,72,189,2007,1,4,L,D,NYI,76,4,16,20,-1,35
384,925000,FL,USA,71,180,2012,3,78,L,D,PHI,76,7,32,39,-21,32
385,600000,ON,CAN,73,210,2011,3,80,L,LW/C,L.A,36,0,2,2,-2,70
386,630000,AL,USA,74,196,2009,7,198,R,C,L.A,70,6,16,22,-15,25
387,2250000,NY,USA,75,228,2009,4,104,L,LW,BUF,80,13,10,23,-1,73
388,742500,,RUS,71,190,,,,L,RW,TOR,56,5,4,9,1,16
389,5000000,,FIN,70,183,2009,4,106,R,D,ANA,71,3,21,24,3,30
390,660000,NS,CAN,75,202,2011,3,76,R,C/RW,ANA,55,3,7,10,3,10
391,640000,,NOR,75,220,,,,L,LW/C,COL/MTL,64,3,4,7,-14,32
392,640000,,SWE,69,180,2014,4,112,R,LW/RW,NSH,80,31,30,61,16,28
393,832500,,CHE,75,210,2013,1,18,L,D,S.J,4,1,1,2,2,0
394,735000,CA,USA,71,190,2011,2,47,L,LW/RW,COL/S.J,59,7,6,13,-12,8
395,1800000,ON,CAN,74,206,2004,9,265,L,LW/C,WSH,72,12,13,25,15,49
396,875000,,FIN,75,205,2011,1,16,R,RW,WPG,57,10,9,19,-8,20
397,575000,ON,CAN,72,192,2012,3,71,L,C,T.B,3,0,0,0,-2,2
398,1750000,AB,CAN,75,215,,,,R,C/RW,WSH,81,13,17,30,20,22
399,832500,SK,CAN,72,208,2012,1,8,L,D,PIT,11,0,0,0,-4,4
400,4500000,SK,CAN,73,195,,,,R,C,TOR,78,18,37,55,-1,30
401,650000,WI,USA,71,188,2011,6,171,L,RW/LW/C,OTT,7,0,0,0,-3,0
402,6000000,SK,CAN,73,195,2009,1,5,L,C/LW,PHI,79,25,30,55,-13,38
403,2750000,BC,CAN,76,230,,,,L,D,S.J,81,2,8,10,-2,60
404,4750000,,SWE,75,210,2004,2,49,L,C/LW,COL,80,6,8,14,-26,22
405,750000,NJ,USA,78,232,,,,R,RW,OTT,4,0,0,0,0,2
406,3900000,BC,CAN,73,204,,,,L,D,BUF,66,1,5,6,-3,50
407,575000,ON,CAN,72,205,2005,4,95,R,C,NSH,9,0,0,0,-1,19
408,2250000,ON,CAN,74,207,2012,1,15,R,D,OTT,79,2,15,17,-11,20
409,635000,ON,CAN,75,205,2012,4,96,L,LW,N.J,3,0,0,0,-4,4
410,650000,WI,USA,73,190,,,,R,D,BUF,11,0,0,0,-3,4
411,6000000,MB,CAN,73,192,2002,2,54,L,D,CHI,80,6,47,53,22,16
412,600000,ON,CAN,77,212,2011,7,191,L,C,MIN,52,7,2,9,7,10
413,2400000,SK,CAN,73,202,2004,2,47,R,LW/RW,COL,77,8,12,20,-19,58
414,925000,NY,USA,74,207,2013,2,42,R,D,N.J,38,2,5,7,-6,14
415,3500000,ON,CAN,76,208,2003,1,2,L,C,MIN,82,28,37,65,17,34
416,4500000,,FIN,75,213,2013,1,2,L,C,FLA,61,21,31,52,13,10
417,692500,TX,USA,71,200,2011,3,75,L,C/LW,N.J,23,1,1,2,-7,27
418,5000000,,SVK,81,250,1996,3,56,L,D,BOS,75,9,19,29,18,59
419,5000000,,CZE,73,194,2006,1,10,L,RW/C,CGY,82,17,27,44,13,58
420,2825000,SK,CAN,73,211,2012,1,2,L,D,CBJ,60,2,9,11,3,24
421,7000000,,SWE,72,191,2008,1,15,R,D,OTT,77,17,54,71,10,28
422,1000000,SK,CAN,73,213,2003,9,265,L,LW,NYR,11,1,1,2,0,17
423,3900000,MI,USA,73,212,2007,4,95,L,D,L.A,82,9,30,39,-17,24
424,3500000,QC,CAN,72,179,1998,2,45,L,C,NSH,46,4,21,25,-5,14
425,925000,ON,CAN,72,192,2014,2,55,R,D,ANA,27,2,4,6,11,14
426,3500000,CT,USA,68,182,2008,6,157,R,RW,CBJ,82,35,27,62,13,22
427,6000000,AB,CAN,73,201,2010,1,1,L,LW/C,N.J,72,20,33,53,-9,32
428,4000000,WI,USA,73,208,2009,4,98,R,RW/LW/C,NSH,78,12,17,29,7,30
429,925000,NY,USA,76,222,2014,1,18,R,RW,MIN,6,0,0,0,-3,0
430,950000,SK,CAN,72,200,2002,1,17,R,C/RW,PHI,13,1,0,1,-5,2
431,792500,IL,USA,72,187,2014,2,58,L,C/LW,ARI,78,15,18,33,7,22
432,4000000,MI,USA,75,192,,,,L,D,DET,82,4,8,12,-22,33
433,840000,ON,CAN,70,188,2011,3,68,L,C/LW,PHI,60,6,10,16,-6,31
434,5850000,AK,USA,74,218,2004,2,60,L,C/LW,CBJ,80,12,29,41,16,91
435,1500000,,SWE,75,209,2006,6,161,L,LW/RW,CAR/OTT,75,11,5,16,-9,41
436,4000000,ON,CAN,75,204,2005,1,4,L,LW,EDM,67,8,6,14,-5,34
437,5250000,NY,USA,75,228,2008,1,3,R,D,BUF,56,2,9,11,-17,46
438,950000,SK,CAN,76,225,2006,3,68,R,D,EDM,40,2,4,6,-5,65
439,750000,ON,CAN,71,185,2011,1,12,R,D,CAR,27,0,2,2,-11,8
440,600000,ON,CAN,70,195,2007,5,132,L,LW/RW,MTL,14,2,2,4,-1,4
441,4250000,,RUS,72,200,1998,6,162,L,D,MTL,62,6,30,36,18,16
442,2800000,,CZE,74,215,2012,1,17,L,C/RW,S.J,49,10,12,22,-8,14
443,925000,QC,CAN,74,190,2015,1,18,L,D,OTT,1,0,0,0,-2,0
444,1000000,,FIN,73,193,2004,1,19,L,LW/RW,CBJ/DAL,69,8,12,20,5,10
445,950000,AB,CAN,71,176,2004,5,134,R,RW/LW,CGY,69,15,22,37,-3,46
446,2200000,,FRA,72,200,,,,L,LW,DAL,60,12,15,27,1,115
447,600000,NY,USA,73,200,,,,L,LW/RW,BUF,4,0,1,1,2,0
448,2100000,SK,CAN,76,229,2007,4,109,L,LW/RW,L.A/MTL,80,9,7,16,-2,12
449,1250000,,SWE,73,189,2010,3,90,L,LW/C,CAR,82,7,5,12,-12,17
450,3000000,QC,CAN,73,197,,,,L,LW/RW,OTT/VAN,75,15,16,31,3,62
451,1300000,QC,CAN,71,190,2004,4,126,R,C/RW,MTL,78,8,9,17,5,38
452,575000,AB,CAN,71,180,,,,L,D,N.J,11,0,3,3,-5,13
453,6000000,ON,CAN,72,202,2002,8,241,R,D,CGY,57,5,13,18,-6,32
454,600000,,DNK,72,175,2013,3,89,R,RW,CBJ,26,6,7,13,4,6
455,4500000,BC,CAN,75,215,2004,7,214,R,RW,CGY,74,13,12,25,-11,31
456,4250000,,CHE,73,201,2008,2,38,L,D,NSH,72,12,37,49,7,18
457,867500,ON,CAN,72,200,2012,2,38,L,LW,CAR,36,1,6,7,-12,15
458,575000,BC,CAN,69,176,,,,L,C/LW,NYI,4,0,0,0,1,2
459,4000000,,SWE,73,193,2011,1,10,L,D,MIN,68,3,22,25,5,20
460,925000,,SWE,75,214,2013,2,34,L,LW,MTL,9,0,0,0,-3,4
461,1125000,MB,CAN,73,225,2005,5,156,R,RW,STL,80,7,6,13,4,104
462,832500,AB,CAN,72,195,2013,1,13,L,D,WPG,82,6,14,20,6,38
463,575000,MA,USA,70,190,,,,L,RW,MTL,3,0,0,0,0,17
464,832500,QC,CAN,71,188,2013,1,3,L,LW,T.B,73,21,32,53,-13,16
465,2500000,ON,CAN,70,180,2009,1,11,R,D,NSH,71,16,22,38,17,29
466,4250000,AB,CAN,69,164,2008,6,156,R,D,MIN,76,10,28,38,33,20
467,7000000,AB,CAN,74,227,2002,2,61,R,D,NYI,66,6,17,23,11,19
468,900000,ON,CAN,72,190,1999,3,94,L,C/LW,OTT,82,5,7,12,-17,23
469,1100000,BC,CAN,74,200,,,,L,D,DAL/MTL,71,4,13,17,-4,28
470,10000000,,RUS,75,239,2004,1,1,R,LW/RW,WSH,82,33,36,69,6,50
471,2100000,CT,USA,73,196,2007,6,173,L,C,PIT,80,18,19,37,-5,16
472,925000,,CZE,72,181,2014,1,25,R,RW/LW,BOS,75,34,36,70,11,34
473,4000000,ON,CAN,73,200,2001,5,151,R,D,ANA,81,3,11,14,0,63
474,832500,ON,CAN,73,190,2012,1,20,L,C/LW,PHI,2,0,0,0,0,0
475,842500,AB,CAN,73,195,2014,1,30,L,C,N.J,12,1,3,4,1,2
476,3600000,,ITA,74,209,2008,1,19,L,D,VAN,82,2,11,13,-1,40
477,2700000,ON,CAN,71,195,2002,2,43,L,D,PIT,56,5,14,19,7,37
478,925000,,SWE,74,197,2015,1,20,L,C/RW/LW,MIN,15,3,4,7,1,4
479,742500,CO,USA,74,205,2012,4,120,L,D,CAR,82,5,29,34,23,12
480,925000,AZ,USA,74,202,2016,1,6,L,LW,CGY,76,13,35,48,14,105
481,775000,CA,USA,73,212,2010,1,29,L,LW/RW,ANA,3,0,0,0,1,2
482,575000,NY,USA,67,175,,,,R,RW/C,NYI,26,1,5,6,9,2
483,925000,,CHE,70,193,2014,1,11,L,LW,NSH,54,11,5,16,1,18
484,825000,IL,USA,75,215,2011,6,160,R,D,ANA,82,5,12,17,14,82
485,3000000,PE,CAN,76,212,2005,2,55,R,D,BOS,77,2,8,10,4,71
486,925000,,GBR,75,211,2014,1,12,L,LW,ARI,57,14,7,21,-4,20
487,925000,BC,CAN,70,190,,,,R,D,VAN,71,3,21,24,-16,25
488,4400000,,FIN,74,212,2008,3,65,L,C,STL,64,7,15,22,-6,34
489,2200000,MB,CAN,71,188,2008,5,127,L,LW,CBJ,65,10,5,15,-4,48
490,925000,AZ,USA,75,216,2016,1,1,L,C,TOR,82,40,29,69,2,14
491,7000000,ON,CAN,75,205,2008,1,4,R,D,STL,80,14,34,48,3,24
492,800000,ON,CAN,72,185,2012,2,47,L,LW,CAR,57,7,9,16,-11,6
493,925000,ON,CAN,72,170,2015,1,4,R,C/RW,TOR,77,19,42,61,0,38
494,2500000,MN,USA,75,206,2010,1,30,L,C/LW,NYI,81,20,25,45,-6,36
495,6000000,ON,CAN,73,211,2009,1,1,L,C,NYI,77,28,38,66,4,38
496,667500,PA,USA,72,193,2012,6,167,R,RW,WSH,3,0,0,0,0,0
497,575000,ON,CAN,71,180,,,,L,LW,NSH,24,2,2,4,-2,10
498,1200000,AB,CAN,76,206,2010,2,36,R,D,FLA,49,1,13,14,-1,79
499,925000,MA,USA,74,196,2015,1,2,R,C,BUF,61,24,33,57,-13,22
500,925000,BC,CAN,73,229,2014,1,6,R,RW,VAN,10,0,1,1,1,2
501,925000,,SWE,76,203,2016,1,4,R,RW,EDM,28,1,7,8,5,10
502,1600000,,CZE,79,220,,,,R,D,T.B,80,3,11,14,-10,43
503,715000,,FRA,73,208,2011,2,48,L,D,DET,66,3,9,12,2,51
504,700000,ON,CAN,70,193,2009,5,147,L,C,OTT,7,0,0,0,-3,2
505,650000,MI,USA,73,210,,,,R,C,CAR,14,0,0,0,-6,0
506,575000,BC,CAN,73,207,,,,L,D,NSH,74,3,11,14,15,26
507,600000,,CZE,73,210,1996,4,105,R,D,CHI,22,1,2,3,-3,14
508,2000000,IN,USA,70,185,2000,5,159,L,D,BOS,36,0,5,5,1,4
509,750000,NJ,USA,74,188,,,,R,D,CHI,58,5,11,16,17,29
510,925000,MI,USA,74,218,2015,1,8,L,D,CBJ,78,11,36,47,17,14
511,7250000,QC,CAN,72,201,2005,3,62,R,D,PIT,41,5,29,34,2,32
512,2750000,AB,CAN,74,214,2000,6,194,R,D,CGY,81,4,12,16,2,85
513,625000,MA,USA,72,195,2010,5,122,R,C/RW,ANA,43,6,1,7,2,6
514,625000,MB,CAN,72,202,2012,2,58,L,LW/C,ARI,77,11,14,25,-8,40
515,925000,ON,CAN,75,210,2012,3,65,L,D,NYI,44,3,7,10,-5,6
516,925000,,RUS,74,193,2013,3,75,L,RW/LW,NYR,41,8,12,20,6,13
517,3700000,SK,CAN,77,223,2003,1,8,L,D,T.B,80,5,7,12,-1,50
518,4350000,WI,USA,74,214,2004,1,13,R,RW/LW,BOS/WPG,58,8,13,21,6,24
519,925000,ON,CAN,75,185,2015,1,3,L,C,ARI,7,0,1,1,-5,0
520,675000,NC,USA,71,198,2008,6,169,R,RW/C,COL/TOR,40,2,2,4,-7,4
521,1250000,AB,CAN,71,205,,,,L,C/LW,N.J/NSH,59,2,2,4,-15,66
522,600000,TX,USA,73,205,2011,1,21,R,RW,ANA/N.J,44,8,2,10,6,24
523,4000000,CT,USA,73,221,2008,1,7,L,LW/C,NSH,70,12,23,35,7,18
524,1050000,,SWE,72,184,2009,2,40,L,C/LW/RW,EDM,22,1,3,4,2,6
525,800000,AB,CAN,72,199,2011,1,23,L,D,BOS,17,0,1,1,-4,8
526,7875000,MI,USA,74,202,2003,1,23,R,C/RW,ANA,82,22,36,58,8,83
527,2250000,,CZE,74,235,2004,6,180,R,D,TOR,75,4,7,11,10,65
528,5400000,,FIN,75,215,2001,1,6,L,C,MIN,80,18,40,58,27,34
529,667500,IL,USA,69,173,2012,6,169,R,LW/C,CHI,49,6,8,14,-1,17
530,6750000,ON,CAN,76,220,1997,1,1,L,C,S.J,79,7,43,50,7,51
531,1700000,,CHE,71,192,2011,1,13,L,LW,VAN,68,18,17,35,-6,8
532,1850000,,SWE,72,180,,,,R,C/RW,S.J,67,11,11,22,7,22
533,5750000,MN,USA,73,200,2005,1,28,R,D,WSH,78,5,34,39,20,32
534,925000,MA,USA,70,194,,,,R,C/RW,PHI,2,0,0,0,-1,0
535,4000000,ON,CAN,73,207,2010,1,12,L,D,ANA,80,11,28,39,7,20
536,817500,IL,USA,74,214,2015,2,32,R,RW,ARI,7,3,0,3,0,0
537,5500000,QC,CAN,73,200,2008,7,186,R,D,FLA,81,9,19,28,-14,53
538,3000000,QC,CAN,70,188,2006,6,177,L,C/LW,WPG,65,13,32,45,-11,30
539,5000000,ON,CAN,73,200,2003,9,263,L,LW,BUF,81,14,18,32,-4,10
540,874125,ON,CAN,75,205,,,,L,C,ARI,4,0,1,1,0,0
541,925000,MN,USA,68,178,2011,3,91,L,C,FLA,24,2,1,3,-3,4
542,700000,ON,CAN,76,225,2007,6,172,L,LW,N.J,11,0,0,0,-2,12
543,925000,AB,CAN,78,226,2012,3,86,R,D,STL,81,4,31,35,7,32
544,600000,SK,CAN,74,205,2012,2,60,R,D,N.J,80,3,28,31,-31,58
545,575000,BC,CAN,73,200,2012,2,50,R,C,NSH,58,8,2,10,11,12
546,600000,MN,USA,76,210,2009,4,114,L,D,N.J,9,1,0,1,2,15
547,1650000,ON,CAN,76,215,2009,2,54,L,D,COL,27,0,1,1,-4,12
548,12000000,BC,CAN,76,232,2003,2,49,R,D,MTL,78,17,25,42,20,38
549,4250000,,DNK,74,207,2007,1,13,L,C/LW/RW,WSH,81,12,13,25,15,36
550,3200000,,CZE,74,210,,,,R,D,ARI,3,0,0,0,1,0
551,4875000,MB,CAN,74,205,2008,2,53,R,D,NYI,49,3,11,14,-21,60
552,600000,,CZE,72,203,2011,6,158,L,C/LW,CBJ,62,7,6,13,10,25
553,2500000,CA,USA,74,210,,,,R,D,BOS,58,3,10,13,1,50
554,2000000,CA,USA,71,187,2010,2,59,L,LW/RW,MIN,79,22,25,47,34,30
555,1000000,ON,CAN,75,219,2009,7,186,L,C/LW/RW,L.A,46,4,4,8,-3,44
556,575000,QC,CAN,69,172,,,,L,C,T.B,20,6,2,8,-1,8
557,925000,NY,USA,72,190,2013,6,159,L,C,BUF,1,0,0,0,0,0
558,1300000,ON,CAN,71,181,1999,5,128,L,C/LW,FLA,82,6,10,16,-7,50
559,700000,ON,CAN,75,221,2012,4,95,R,RW,CBJ,78,17,12,29,12,89
560,950000,,SWE,71,185,2009,2,53,L,RW,VAN,3,0,1,1,1,0
561,625000,MI,USA,71,192,2007,4,93,R,D,FLA/NYR,11,1,1,2,-2,6
562,3500000,ON,CAN,77,220,2010,1,3,R,D,VAN,30,1,5,6,-14,18
563,650000,,CZE,73,194,2012,2,49,R,RW,CAR,2,0,0,0,-3,0
564,5000000,SK,CAN,74,215,2000,1,6,L,LW,CBJ,78,13,24,37,14,63
565,1300000,,RUS,75,210,2011,7,205,R,D,DET/TOR,41,1,7,8,7,12
566,800000,QC,CAN,70,206,2009,5,132,L,LW/RW,COL,6,0,0,0,0,0
567,4500000,,SWE,71,190,2005,7,216,R,D,T.B,73,5,17,22,1,20
568,925000,,SWE,74,196,2013,1,14,L,C,CBJ,80,13,46,59,9,21
569,2600000,,AUT,74,214,2003,1,5,R,LW/RW,DET/FLA,68,17,31,48,-5,22
570,750000,QC,CAN,69,174,,,,R,C,FLA,75,30,21,51,-21,38
571,615000,ON,CAN,75,210,2012,6,161,R,D,T.B,35,0,11,11,10,35
572,645000,,FIN,75,198,2012,6,176,L,D,STL,7,0,0,0,-4,4
573,3500000,,CHE,74,211,2010,1,5,L,RW,MIN,82,25,32,57,17,53
574,925000,,FIN,76,211,2015,1,10,L,RW,COL,75,20,18,38,-25,22
575,11000000,ON,CAN,72,210,2007,2,43,R,D,NSH,66,10,30,40,-8,44
576,3550000,SK,CAN,72,195,,,,L,LW,PIT,71,9,20,29,0,36
577,900000,SK,CAN,113,201,2009,1,0,R,C,CAR,-4,2,0,2,2,20
578,4000000,,CHE,71,191,2004,9,262,L,D,PHI/PIT,68,6,21,27,-12,28
579,3000000,,SWE,76,215,2009,4,102,L,D,NSH,82,3,20,23,4,34
580,792500,,SWE,72,201,2013,6,180,L,LW,BOS,19,1,1,2,-2,7
581,5000000,NS,CAN,72,205,2013,1,1,R,C/RW,COL,82,16,37,53,-14,16
582,667500,AB,CAN,73,186,2015,2,51,L,D,BUF,3,0,0,0,1,0
583,925000,ON,CAN,76,216,2014,1,1,R,D,FLA,68,10,11,21,-23,58
584,3500000,ON,CAN,71,218,2006,3,72,R,RW,NYI,66,5,15,20,2,28
585,4000000,,CZE,72,188,2011,7,208,L,LW,T.B,75,17,35,52,8,39
586,5000000,AB,CAN,72,191,2006,1,12,R,C/RW,WPG,59,21,26,47,-7,18
587,1000000,,SWE,73,189,2011,2,53,L,C,CBJ,81,6,19,25,10,10
588,832500,,AUT,75,205,2013,1,23,L,LW/C,WSH,64,12,23,35,13,14
589,6000000,BC,CAN,74,211,2009,1,4,L,LW,BUF,70,28,15,43,-17,113
590,3750000,QC,CAN,72,200,2007,1,26,R,LW/RW,STL,82,18,28,46,-2,54
591,1850000,MN,USA,72,209,2000,5,131,L,LW/C,EDM,42,4,3,7,-3,29
592,3000000,,SWE,75,205,2012,1,6,L,D,ANA,66,6,14,20,13,36
593,2950000,,EST,71,210,2006,6,180,L,C/LW,TOR,82,14,18,32,6,31
594,650000,PA,USA,76,230,2010,2,60,R,D,DAL,61,4,6,10,-10,36
595,800000,ON,CAN,73,195,,,,L,LW/C,CHI,46,0,1,1,-6,22
596,950000,BC,CAN,73,205,,,,L,D,PHI,65,3,9,12,-12,83
597,792500,,FIN,73,186,2015,7,189,L,D,CBJ,66,2,5,7,7,6
598,5000000,,FIN,72,196,2002,3,95,L,C/LW,PHI/T.B,79,12,30,42,-1,26
599,1000000,OK,USA,75,205,2010,2,38,L,D,N.J,51,1,5,6,-9,24
600,750000,MI,USA,75,221,2008,5,128,R,D,DAL/MTL,36,1,8,9,-1,10
601,575000,ON,CAN,73,195,,,,L,C/RW,NSH,1,0,0,0,0,0
602,925000,AB,CAN,73,180,2016,1,8,R,RW/LW,BUF,4,0,1,1,-2,0
603,1025000,NJ,USA,74,183,2003,6,186,L,LW/RW,DET,55,5,2,7,-12,18
604,925000,MA,USA,72,183,2015,1,21,R,C/D,OTT,2,0,0,0,0,0
605,725000,,RUS,71,191,2011,5,148,L,D,MTL/T.B,48,4,13,17,0,24
606,6500000,SK,CAN,74,215,1997,1,2,L,LW/C,S.J,82,27,19,46,4,28
607,692500,NY,USA,75,214,2013,2,52,R,RW,BUF,32,2,2,4,0,4
608,3750000,PA,USA,70,182,2011,3,64,R,C/RW,FLA,82,23,31,54,-13,43
609,4750000,NS,CAN,73,204,2006,6,160,L,D,PHI,73,2,16,18,-5,26
610,842500,,SWE,71,196,2012,2,37,R,LW,NSH,15,1,1,2,-2,4
611,670000,ON,CAN,70,190,2012,4,104,L,C,DAL,17,3,3,6,-1,21
612,5750000,,RUS,76,198,2006,2,54,L,C/LW,CHI,64,22,23,45,9,30
613,575000,,RUS,68,170,,,,L,LW,CAR,2,0,1,1,0,0
614,4250000,,SWE,78,223,2009,1,2,L,D,T.B,79,16,56,72,3,47
615,717500,CO,USA,77,203,2015,2,37,R,D,BOS,82,6,10,16,9,59
616,4000000,ON,CAN,70,185,,,,R,RW/LW,PHI,63,10,9,19,3,8
617,700000,,SWE,73,200,2011,5,126,L,D,OTT,33,3,8,11,5,4